1180719;"COOBCIO PreWash 500ML Środek do wstępnego mycia";1;"No EAN code";;PLN;9.99;9.99;0;0;https://www.sklepopon.com/akcesoria/deler-coobcio-garage-prewash-500ml;https://cdn.sklepopon.com/temp/img/a_mini/1000x1000_ba54a9e4-bc9c-41e9-ae99-ac81772fb63e.webp;2023-04-20T08:15:55.690052Z;DCGDCGPW05L
1180720;"COOBCIO Wheel Cleaner 500ML Środek do mycia felg";1;"No EAN code";;PLN;9.99;9.99;0;0;https://www.sklepopon.com/akcesoria/deler-coobcio-garage-wheel-cleaner-500ml;https://cdn.sklepopon.com/temp/img/a_mini/1000x1000_13435ca0-3014-45f4-b97d-b4c72e134cb0.webp;2023-04-20T08:15:55.690648Z;DCGDCGWC05L
1180763;"COOBCIO Szampon  500ML";1;"No EAN code";;PLN;9.99;9.99;0;0;https://www.sklepopon.com/akcesoria/deler-coobcio-garage-szampon-500ml;https://cdn.sklepopon.com/temp/img/a_mini/1000x1000_eff7592d-0329-4cb0-b237-bde131540b8c.webp;2023-04-20T08:15:55.691141Z;DCGDCGSZ05L
1180768;"COOBCIO Wheel Cleaner 1L Środek do mycia felg";1;"No EAN code";;PLN;12.50;12.50;0;0;https://www.sklepopon.com/akcesoria/deler-coobcio-garage-wheel-cleaner-1l;https://cdn.sklepopon.com/temp/img/a_mini/1000x1000_8be6ea0a-6e78-484c-b2fe-60b921de8305.webp;2023-04-20T08:15:55.691611Z;DCGDCGWC1L
1180764;"COOBCIO APC 500ML Odtłuszczający preparat czyszczący";1;"No EAN code";;PLN;12.99;12.99;0;0;https://www.sklepopon.com/akcesoria/deler-coobcio-garage-apc-500ml;https://cdn.sklepopon.com/temp/img/a_mini/1000x1000_0b9f7756-9fd3-4b39-9f66-8b76943b541d.webp;2023-04-20T08:15:55.692084Z;DCGDCGAPC05L
1180773;"COOBCIO Szampon 1L";1;"No EAN code";;PLN;13.50;13.50;0;0;https://www.sklepopon.com/akcesoria/deler-coobcio-garage-szampon-1l;https://cdn.sklepopon.com/temp/img/a_mini/1000x1000_b89ed8dd-28b0-459a-bc74-62c196a0ed51.webp;2023-04-20T08:15:55.692553Z;DCGDCGSZ1L
1180769;"COOBCIO PreWash 1L Środek do wstępnego mycia";1;"No EAN code";;PLN;13.99;13.99;0;0;https://www.sklepopon.com/akcesoria/deler-coobcio-garage-prewash-1l;https://cdn.sklepopon.com/temp/img/a_mini/1000x1000_7a2e0e69-90ab-4108-abf7-eaa5c5a84524.webp;2023-04-20T08:15:55.693019Z;DCGDCGPW1L
1180765;"COOBCIO Interior Dressing  500ML Preparat do tworzyw sztucznych";1;"No EAN code";;PLN;15.99;15.99;0;0;https://www.sklepopon.com/akcesoria/deler-coobcio-garage-interior-dressing-500ml;https://cdn.sklepopon.com/temp/img/a_mini/1000x1000_d7d1a324-82f4-4471-bd65-e5d8a2f504e4.webp;2023-04-20T08:15:55.693485Z;DCGDCGID05L
1180770;"COOBCIO APC 1L Odtłuszczający preparat czyszczący";1;"No EAN code";;PLN;17.99;17.99;0;0;https://www.sklepopon.com/akcesoria/deler-coobcio-garage-apc-1l;https://cdn.sklepopon.com/temp/img/a_mini/1000x1000_960aeee4-98d1-420c-aca2-826e3bbc6d39.webp;2023-04-20T08:15:55.693951Z;DCGDCGAPC1L
1180761;"COOBCIO Aktywna Piana 500ML";1;"No EAN code";;PLN;19.99;19.99;0;0;https://www.sklepopon.com/akcesoria/deler-coobcio-garage-piana-aktywna-500ml;https://cdn.sklepopon.com/temp/img/a_mini/1000x1000_7fd60542-41ac-461c-ba56-8a080873edbb.webp;2023-04-20T08:15:55.694416Z;DCGDCGPA05L
1180721;"COOBCIO Leather QD 500ML Środek do pielęgnacji tapicerki skórzanej";1;"No EAN code";;PLN;21.50;21.50;0;0;https://www.sklepopon.com/akcesoria/deler-coobcio-garage-leather-qd-500ml;https://cdn.sklepopon.com/temp/img/a_mini/1000x1000_098051a3-0ed8-468e-9b83-ce3eabe63eb7.webp;2023-04-20T08:15:55.694875Z;DCGDCGLQD05L
1180767;"COOBCIO Interior Dressing 1L Preparat do tworzyw sztucznych";1;"No EAN code";;PLN;21.99;21.99;0;0;https://www.sklepopon.com/akcesoria/deler-coobcio-garage-interior-dressing-1l;https://cdn.sklepopon.com/temp/img/a_mini/1000x1000_9df5a531-bc98-402a-9529-fec1ca86b1c2.webp;2023-04-20T08:15:55.695350Z;DCGDCGID1L
1180708;"COOBCIO Quick Detailer 500ML Wosk syntetyczny";1;"No EAN code";;PLN;25.50;25.50;0;0;https://www.sklepopon.com/akcesoria/deler-coobcio-garage-quick-detailer-500ml;https://cdn.sklepopon.com/temp/img/a_mini/1000x1000_71126ca9-bd46-43ea-8484-2e2dd0fa7271.webp;2023-04-20T08:15:55.695819Z;DCGDCGQD05L
1180771;"COOBCIO Aktywna Piana 1L";1;"No EAN code";;PLN;25.99;25.99;0;0;https://www.sklepopon.com/akcesoria/deler-coobcio-garage-piana-aktywna-1l;https://cdn.sklepopon.com/temp/img/a_mini/1000x1000_84681929-cf9b-4a63-b744-a4a58bd00a2f.webp;2023-04-20T08:15:55.696284Z;DCGDCGPA1L
1180772;"COOBCIO Deironizer 1L Żel do mycia felg";1;"No EAN code";;PLN;25.99;25.99;0;0;https://www.sklepopon.com/akcesoria/deler-coobcio-garage-deironizer-1l;https://cdn.sklepopon.com/temp/img/a_mini/1000x1000_1a2abb5b-99c7-475d-b9b0-2b1ba14b567d.webp;2023-04-20T08:15:55.696761Z;DCGDCGDEI1L
1180766;"COOBCIO Deironizer 500ML Żel do mycia felg";1;"No EAN code";;PLN;29.99;29.99;0;0;https://www.sklepopon.com/akcesoria/deler-coobcio-garage-deironizer-500ml;https://cdn.sklepopon.com/temp/img/a_mini/1000x1000_7facffe7-7e57-4b6d-927f-4e5b2cf798c6.webp;2023-04-20T08:15:55.697226Z;DCGDCGDEI05L
1180762;"COOBCIO Quick Detailer 1L Wosk syntetyczny";1;"No EAN code";;PLN;41.50;41.50;0;0;https://www.sklepopon.com/akcesoria/deler-coobcio-garage-quick-detailer-1l;https://cdn.sklepopon.com/temp/img/a_mini/1000x1000_1e9c1b7d-e55b-4f80-87e2-593f24620001.webp;2023-04-20T08:15:55.697693Z;DCGDCGQD1L
520701;"K2 Pianka naprawcza - Tire Doktor 400ml";1;"No EAN code";;PLN;30.00;30.00;0;0;https://www.sklepopon.com/akcesoria/k2-tire-doktor-pianka-naprawcza;"https://cdn.sklepopon.com/temp/img/a_mini/1000x1000_9d77aff0e87f5593d50b1262073b6468 1_1650910598.5525.webp";2023-04-20T08:15:58.129967Z;5906534038982
1180755;"ADBL VAMPIRE LIGHT 500ML Żel do mycia felg";1;"No EAN code";;PLN;49.20;49.20;0;0;https://www.sklepopon.com/akcesoria/adbl-vampire-light-500ml;https://cdn.sklepopon.com/temp/img/a_mini/1000x1000_f31ac230-8c15-45ef-bfb7-b36492b949b5.webp;2023-04-20T08:16:00.513409Z;ADBLADVEL500ML
1180753;"ADBL TIRE DRESSING 1L Połysk opon";1;"No EAN code";;PLN;121.28;121.28;0;0;https://www.sklepopon.com/akcesoria/adbl-tire-dressing-1l;https://cdn.sklepopon.com/temp/img/a_mini/1000x1000_33a5f70f-1ec2-4b5e-97c3-d22b3f0563ba.webp;2023-04-20T08:16:00.514481Z;ADBLADTED1L
520840;"Sklepopon 4 Worki na opony 100x100cm";1;"No EAN code";;PLN;15.00;15.00;0;0;https://www.sklepopon.com/akcesoria/4-worki-na-opony-100-x-100-cm;"https://cdn.sklepopon.com/temp/img/a_mini/1000x1000_zdjÄcia worki 3_1653309720.3424.webp";2023-04-20T08:16:03.008578Z;PROMO5
